mario;mario@gmail.com;123465;Mr;13;7;1994;Mario;Muñoz;Lecheria los andes;Esto es una direccion 1;esto es una direccion 2;Canada;21002;Paris;la Ville lumière;4128986522
andres;andres@gmail.com;123456;Mr;5;5;1993;Andres;Martinez;Limonbyte;Esto es una direccion 0;esto es una direccion 1;Australia;10332;Oxford; Finsbury Park;4148211103
estafani;estaefani@gmail.com;123456;Miss;6;9;1985;Estafani;Gozalez;PDVSA;Esto es una direccion 1;esto es una direccion 2;Israel;510021;Madrid;Toledo;4248541236
joseluis;joseluis@gmail.com;123456;Mr;22;3;1950;Joseluis;Perdomo;cocacola Semsa;Esto es una direccion 0;esto es una direccion 1;New Zealand;178500;Napoles;Roma;4168547425
alejandra;alejandra@gmail.com;123456;Mrs;23;11;1999;Alejandra;Luces;Arquitectura FME;Esto es una direccion 1;esto es una direccion 2;Singapore;8500;Ottawa;Toronto;4145478820
kelvin;kelvin@gmail.com;123456;Mr;24;10;2000;Kelvin;Goncalvez;Consturcciones DEDI;Esto es una direccion 0;esto es una direccion 1;India;25032;New York;Los angeles;4123335024
albanis;albanis@gmail.cokm;13456;Miss;15;1;1945;Albanis;Villamarin;HP computer;Esto es una direccion 1;esto es una direccion 2;United States;10022;Buenos Aires;Rosario;4149875021
barbara;barbara@gmail.com;123465;Mrs;19;5;1950;Barbar;Cantales;Microsoft;Esto es una direccion 2;esto es una direccion 3;Canada;332400;Monte Video;Barrio Sur;4120650106
user1;user@mail.com;;Mr;10;7;1990;user1;apellido1;company01;ADDRES 1;addres 2;Australia;11002;Caracas;mercedes;4145461232
user2;user@mail.com;;Mr;10;7;1990;user2;apellido2;company02;ADDRES 1;addres 2;Israel;11003;Caracas;mercedes;4145461233
user3;user@mail.com;;Mr;10;7;1990;user3;apellido3;company03;ADDRES 1;addres 2;New Zealand;11004;Caracas;mercedes;4145461234
user4;user@mail.com;;Mr;10;7;1990;user4;apellido4;company04;ADDRES 1;addres 2;Singapore;11005;Caracas;mercedes;4145461235
user5;user@mail.com;;Mr;10;7;1990;user5;apellido5;company05;ADDRES 1;addres 2;India;11006;Caracas;mercedes;4145461236
user6;user@mail.com;;Mr;10;7;1990;user6;apellido6;company06;ADDRES 1;addres 2;United States;11007;Caracas;mercedes;4145461237
user7;user@mail.com;;Mr;10;7;1990;user7;apellido7;company07;ADDRES 1;addres 2;Canada;11008;Caracas;mercedes;4145461238
user8;user@mail.com;;Mr;10;7;1990;user8;apellido8;company08;ADDRES 1;addres 2;Australia;11009;Caracas;mercedes;4145461239
user9;user@mail.com;;Mr;10;7;1990;user9;apellido9;company09;ADDRES 1;addres 2;Israel;11010;Caracas;mercedes;4145461240
user10;user@mail.com;;Mr;10;7;1990;user10;apellido10;company10;ADDRES 1;addres 2;New Zealand;11011;Caracas;mercedes;4145461241
user11;user@mail.com;;Mr;10;7;1990;user11;apellido11;company11;ADDRES 1;addres 2;Singapore;11012;Caracas;mercedes;4145461242
user12;user@mail.com;;Mr;10;7;1990;user12;apellido12;company12;ADDRES 1;addres 2;India;11013;Caracas;mercedes;4145461243
user13;user@mail.com;;Mr;10;7;1990;user13;apellido13;company13;ADDRES 1;addres 2;United States;11014;Caracas;mercedes;4145461244
user14;user@mail.com;;Mr;10;7;1990;user14;apellido14;company14;ADDRES 1;addres 2;Canada;11015;Caracas;mercedes;4145461245
user15;user@mail.com;;Mr;10;7;1990;user15;apellido15;company15;ADDRES 1;addres 2;New Zealand;11016;Caracas;mercedes;4145461246
user16;user@mail.com;;Mr;10;7;1990;user16;apellido16;company16;ADDRES 1;addres 2;Singapore;11017;Caracas;mercedes;4145461247
user17;user@mail.com;;Mr;10;7;1990;user17;apellido17;company17;ADDRES 1;addres 2;India;11018;Caracas;mercedes;4145461248
user18;user@mail.com;;Mr;10;7;1990;user18;apellido18;company18;ADDRES 1;addres 2;United States;11019;Caracas;mercedes;4145461249
user19;user@mail.com;;Mr;10;7;1990;user19;apellido19;company19;ADDRES 1;addres 2;Canada;11020;Caracas;mercedes;4145461250
user20;user@mail.com;;Mr;10;7;1990;user20;apellido20;company20;ADDRES 1;addres 2;New Zealand;11021;Caracas;mercedes;4145461251
